Audio_File,Clean_Text,Keywords,Sentiment,Empathy,Professionalism,Compliance,Final_Score_Out_of_100,Policy_Context,LLM_Audit,Agent_Name,Date
1089-134686-0000.flac,"he hoped there would be stew for dinner, turnips and carrots and bruised potatoes and fat mutton pieces to be ladled out in thick, peppered flour-fatten sauce.","['stew', 'potatoes', 'dinner', 'carrots', 'mutton']",Positive,0,1,1,66.67,"
Empathy Policy:
Agent must acknowledge customer issue and apologize sincerely.
"," Empathy Score: 2/10
Professionalism Score: 6/10
Compliance Score: 0/10

Violations:
- The response does not show empathy as it fails to acknowledge the customer's issue or express any form of apology. Instead, it describes a personal meal preference.
- Professionalism is partially met as the response is grammatically correct and coherent, but it lacks the necessary tone that should be used in a customer support setting.
- Compliance is not met because the response does not address the policy requirement to acknowledge the customer's issue and apologize sincerely.

Suggestions:
- Show empathy by acknowledging the customer's issue and expressing concern or understanding. For example, ""I'm sorry to hear that you are having trouble with...""
- Use a professional tone that is appropriate for a customer support setting. This includes using respectful language and maintaining a helpful attitude.
- Comply with the policy by acknowledging the customer's issue and apologizing sincerely at the beginning of the response. For example, ""I'm sorry to hear about your issue. Let me see what I can do to help...""",Agent_A,1/12/2024
1089-134686-0001.flac,"stuffed into you, his belly countled him.","['stuffed', 'belly', 'countled']",Neutral,0,1,0.2,66.67,"
Empathy Policy:
Agent must acknowledge customer issue and apologize sincerely.
"," Score:
- Empathy: 3/10 (The response does not show any signs of empathy or understanding towards the customer's issue.)
- Professionalism: 5/10 (While the response maintains a somewhat professional tone, it is not entirely appropriate for a customer service interaction due to its strange and unclear nature.)
- Compliance: 0/10 (The response does not comply with the Empathy Policy as it fails to acknowledge the customer issue and apologize sincerely.)

Violations:
- Lack of empathy: The response does not show any signs of understanding or sympathy towards the customer's problem.
- Lack of professionalism: The response contains an odd and inappropriate phrase that may confuse or upset the customer.
- Noncompliance with policy: The response does not follow the Empathy Policy by failing to acknowledge the customer issue and apologize sincerely.

Suggestions:
- To improve empathy, the agent should aim to understand and relate to the customer's problem, expressing sympathy or concern as appropriate.
- To increase professionalism, the agent should use clear and respectful language that is suitable for a customer service interaction.
- To ensure compliance with policy, the agent should always follow the Empathy Policy by acknowledging the customer issue and apologizing sincerely in every response.",Agent_B,1/12/2024
1089-134686-0002.flac,"after early nightfall, the yellow lamps would light up here and there, the squalid quarter of the brothels.","['brothels', 'lamps', 'nightfall', 'squalid', 'yellow']",Neutral,0,0.7,1,56.67,"
Greeting Policy:
Agent must greet customer politely at the start of conversation.
"," Empathy: 5/10 - The statement does not demonstrate empathy towards the user, as it contains a detailed, potentially disturbing description that may not be appropriate for a support conversation.

Professionalism: 3/10 - The use of a vivid and somewhat inappropriate description detracts from professionalism. A support agent should maintain a formal and neutral tone throughout the conversation.

Compliance: 0/10 - The greeting policy was clearly violated as there is no polite greeting at the start of the conversation.

Suggestions:
- Use a standard, polite greeting at the start of every conversation to ensure compliance with the greeting policy.
- Maintain a formal and neutral tone throughout the conversation to promote professionalism.
- Avoid using vivid or potentially disturbing descriptions in support conversations. Instead, focus on addressing the user's issue efficiently and effectively.",Agent_C,2/12/2024
1089-134686-0003.flac,"hello, bertie, any good in your mind?","['bertie', 'hello', 'good', 'mind']",Positive,0,1,1,66.67,"
Greeting Policy:
Agent must greet customer politely at the start of conversation.
"," Empathy: 7/10 (The agent did use a friendly tone, but could have shown more empathy by asking about the customer's day or inquiring about their current state.)
Professionalism: 8/10 (The agent addressed the customer appropriately and maintained a professional tone.)
Compliance: 9/10 (The agent complied with the Greeting Policy by starting the conversation politely.)

Violation: The greeting did not show enough empathy. To improve, agents could consider asking about the customer's day or inquiring about their current state to build a more personal connection.
Suggestion: To provide a warmer and more engaging greeting, agents might want to experiment with phrases like ""Hello [Customer Name], I hope this message finds you well!"" or ""Good afternoon! It's great to connect with you today."" This can help create a positive and welcoming atmosphere from the start.",Agent_B,3/12/2024
1089-134686-0004.flac,"nber 10, fresh nelly is waiting on you. good night, husband.","['nelly', 'nber', 'fresh', 'husband', '10']",Positive,0,1,1,66.67,"
Greeting Policy:
Agent must greet customer politely at the start of conversation.
"," Score:
- Empathy: 5 (The agent did not show any signs of empathy or understanding towards the customer's needs.)
- Professionalism: 6 (The agent used a neutral tone but failed to follow the Greeting Policy.)
- Compliance: 4 (The agent did not comply with the Greeting Policy.)

Violations: The agent did not greet the customer politely at the start of the conversation, as required by the Greeting Policy.

Suggestions: The agent should be trained to follow company policies and guidelines, especially those related to customer interactions. A suggested improvement would be for the agent to respond with a polite greeting such as ""Hello [Customer Name], thank you for reaching out. How may I assist you today?"" This response is both professional and compliant with the Greeting Policy.",Agent_A,3/12/2024
